order_id,customer_id,order_date,total_amount,status
1,19,2026-07-18 14:56:42.944457,1829,Cancelled
2,97,2026-06-28 14:56:42.944537,1091,Cancelled
3,57,2026-07-08 14:56:42.944591,1583,Cancelled
4,73,2026-06-24 14:56:42.944636,390,Completed
5,57,2026-06-29 14:56:42.944681,273,Cancelled
6,85,2026-07-14 14:56:42.944725,366,Cancelled
7,97,2026-07-06 14:56:42.944766,1211,Cancelled
8,96,2026-07-08 14:56:42.944807,919,Completed
9,68,2026-07-18 14:56:42.944847,648,Completed
10,37,2026-07-18 14:56:42.944888,245,Pending
11,16,2026-06-28 14:56:42.944927,1416,Cancelled
12,100,2026-07-07 14:56:42.944969,1945,Completed
13,50,2026-07-04 14:56:42.945009,1098,Cancelled
14,46,2026-07-18 14:56:42.945048,1392,Cancelled
15,4,2026-06-28 14:56:42.945087,1788,Pending
16,29,2026-06-23 14:56:42.945127,282,Completed
17,60,2026-06-22 14:56:42.945167,894,Cancelled
18,41,2026-06-27 14:56:42.945225,1258,Cancelled
19,25,2026-07-20 14:56:42.945266,827,Completed
20,2,2026-06-25 14:56:42.945308,99,Cancelled
21,44,2026-06-29 14:56:42.945350,1692,Pending
22,65,2026-07-10 14:56:42.945389,1465,Pending
23,2,2026-07-11 14:56:42.945429,512,Completed
24,1,2026-07-09 14:56:42.945470,974,Pending
25,14,2026-07-17 14:56:42.945514,1129,Cancelled
26,8,2026-06-29 14:56:42.945559,1182,Cancelled
27,75,2026-07-19 14:56:42.945604,152,Cancelled
28,44,2026-06-27 14:56:42.945646,756,Pending
29,66,2026-07-02 14:56:42.945691,219,Pending
30,100,2026-06-29 14:56:42.945736,1962,Completed
31,80,2026-07-10 14:56:42.945780,326,Cancelled
32,9,2026-06-24 14:56:42.945824,465,Pending
33,13,2026-07-19 14:56:42.945867,891,Cancelled
34,16,2026-06-23 14:56:42.945908,152,Completed
35,60,2026-07-08 14:56:42.945951,1354,Completed
36,18,2026-07-20 14:56:42.946004,221,Completed
37,37,2026-06-22 14:56:42.946051,1411,Cancelled
38,59,2026-07-20 14:56:42.946096,1621,Completed
39,99,2026-06-29 14:56:42.946138,708,Cancelled
40,90,2026-07-17 14:56:42.946177,1765,Completed
41,2,2026-07-14 14:56:42.946215,1346,Pending
42,22,2026-06-24 14:56:42.946253,1331,Cancelled
43,30,2026-06-27 14:56:42.946292,571,Pending
44,10,2026-07-07 14:56:42.946330,595,Completed
45,66,2026-06-30 14:56:42.946367,336,Completed
46,46,2026-06-21 14:56:42.946406,834,Completed
47,4,2026-07-16 14:56:42.946445,100,Completed
48,83,2026-06-21 14:56:42.946483,1404,Pending
49,7,2026-06-30 14:56:42.946523,311,Pending
50,85,2026-06-24 14:56:42.946561,454,Cancelled
51,63,2026-06-29 14:56:42.946600,484,Completed
52,51,2026-06-28 14:56:42.946639,400,Cancelled
53,41,2026-06-24 14:56:42.946678,735,Pending
54,48,2026-07-16 14:56:42.946717,1988,Cancelled
55,62,2026-07-08 14:56:42.946757,461,Completed
56,84,2026-07-21 14:56:42.946797,1187,Completed
57,94,2026-06-22 14:56:42.946836,983,Cancelled
58,50,2026-07-01 14:56:42.946877,852,Cancelled
59,75,2026-07-05 14:56:42.946916,526,Completed
60,42,2026-07-09 14:56:42.946954,754,Completed
61,26,2026-07-21 14:56:42.946992,476,Cancelled
62,70,2026-06-28 14:56:42.947030,1441,Cancelled
63,46,2026-07-06 14:56:42.947068,1269,Cancelled
64,2,2026-07-15 14:56:42.947107,314,Completed
65,79,2026-07-07 14:56:42.947145,1293,Completed
66,99,2026-07-13 14:56:42.947184,1946,Pending
67,86,2026-07-01 14:56:42.947226,302,Completed
68,33,2026-07-03 14:56:42.947269,169,Completed
69,59,2026-06-25 14:56:42.947315,741,Completed
70,44,2026-06-28 14:56:42.947360,1908,Cancelled
71,57,2026-07-01 14:56:42.947409,985,Cancelled
72,13,2026-07-10 14:56:42.947450,238,Completed
73,45,2026-07-18 14:56:42.947488,1341,Completed
74,15,2026-07-12 14:56:42.947525,965,Cancelled
75,85,2026-06-21 14:56:42.947563,100,Pending
76,94,2026-07-18 14:56:42.947604,490,Completed
77,87,2026-07-16 14:56:42.947643,1423,Completed
78,91,2026-06-29 14:56:42.947681,140,Completed
79,59,2026-06-27 14:56:42.947719,1139,Cancelled
80,15,2026-07-19 14:56:42.947757,403,Pending
81,85,2026-07-16 14:56:42.947795,387,Completed
82,12,2026-07-07 14:56:42.947833,1292,Cancelled
83,44,2026-07-09 14:56:42.947871,1323,Cancelled
84,69,2026-06-21 14:56:42.947909,1326,Completed
85,15,2026-06-29 14:56:42.947947,1971,Pending
86,84,2026-06-26 14:56:42.947988,704,Pending
87,10,2026-06-26 14:56:42.948027,294,Completed
88,55,2026-07-14 14:56:42.948066,1950,Pending
89,95,2026-06-23 14:56:42.948105,1370,Pending
90,77,2026-06-24 14:56:42.948144,1614,Cancelled
91,96,2026-06-29 14:56:42.948182,656,Completed
92,75,2026-06-26 14:56:42.948222,687,Cancelled
93,99,2026-07-04 14:56:42.948261,218,Cancelled
94,11,2026-06-24 14:56:42.948300,1724,Cancelled
95,92,2026-06-27 14:56:42.948338,1960,Completed
96,46,2026-06-30 14:56:42.948376,302,Pending
97,26,2026-06-30 14:56:42.948414,1355,Pending
98,86,2026-07-18 14:56:42.948453,547,Completed
99,3,2026-06-26 14:56:42.948490,1403,Pending
100,92,2026-07-07 14:56:42.948529,954,Completed
101,68,2026-07-07 14:56:42.948567,976,Cancelled
102,4,2026-06-23 14:56:42.948603,741,Pending
103,29,2026-07-12 14:56:42.948641,1460,Completed
104,30,2026-07-19 14:56:42.948677,110,Cancelled
105,7,2026-07-20 14:56:42.948725,729,Completed
106,86,2026-07-10 14:56:42.948767,1030,Cancelled
107,92,2026-07-15 14:56:42.948806,1875,Pending
108,10,2026-07-17 14:56:42.948845,652,Pending
109,87,2026-06-26 14:56:42.948883,1500,Completed
110,82,2026-06-28 14:56:42.948921,1619,Pending
111,19,2026-07-19 14:56:42.948959,892,Pending
112,6,2026-07-17 14:56:42.948998,981,Pending
113,42,2026-06-29 14:56:42.949035,529,Completed
114,19,2026-07-18 14:56:42.949073,1672,Pending
115,38,2026-07-04 14:56:42.949112,1883,Completed
116,95,2026-07-17 14:56:42.949151,181,Cancelled
117,48,2026-07-06 14:56:42.949190,771,Completed
118,69,2026-07-21 14:56:42.949228,1694,Pending
119,42,2026-07-05 14:56:42.949266,847,Cancelled
120,87,2026-07-05 14:56:42.949304,783,Cancelled
121,48,2026-07-20 14:56:42.949344,1635,Cancelled
122,58,2026-07-02 14:56:42.949384,1474,Cancelled
123,98,2026-07-17 14:56:42.949422,1196,Pending
124,18,2026-07-16 14:56:42.949460,567,Pending
125,48,2026-07-20 14:56:42.949497,220,Cancelled
126,97,2026-06-28 14:56:42.949535,1629,Pending
127,18,2026-06-29 14:56:42.949572,926,Cancelled
128,54,2026-07-06 14:56:42.949611,69,Pending
129,85,2026-06-21 14:56:42.949648,942,Completed
130,78,2026-07-04 14:56:42.949687,430,Completed
131,37,2026-06-26 14:56:42.949725,855,Pending
132,82,2026-07-10 14:56:42.949763,1839,Completed
133,6,2026-07-03 14:56:42.949802,277,Pending
134,97,2026-07-07 14:56:42.949841,1354,Completed
135,9,2026-06-25 14:56:42.949879,1856,Cancelled
136,31,2026-07-12 14:56:42.949917,1462,Cancelled
137,32,2026-06-21 14:56:42.949955,737,Completed
138,83,2026-07-15 14:56:42.949997,1890,Completed
139,64,2026-06-26 14:56:42.950037,1840,Completed
140,27,2026-06-27 14:56:42.950075,201,Completed
141,72,2026-07-18 14:56:42.950112,1380,Completed
142,28,2026-06-29 14:56:42.950150,259,Completed
143,44,2026-07-15 14:56:42.950188,850,Cancelled
144,58,2026-07-05 14:56:42.950225,1150,Pending
145,46,2026-07-14 14:56:42.950264,502,Completed
146,8,2026-06-29 14:56:42.950303,1263,Cancelled
147,27,2026-06-28 14:56:42.950341,89,Pending
148,35,2026-06-28 14:56:42.950380,1283,Completed
149,34,2026-06-24 14:56:42.950417,1630,Completed
150,37,2026-07-09 14:56:42.950456,936,Pending
151,33,2026-07-05 14:56:42.950493,501,Cancelled
152,4,2026-07-19 14:56:42.950530,555,Completed
153,53,2026-07-04 14:56:42.950568,867,Pending
154,75,2026-07-13 14:56:42.950605,984,Cancelled
155,42,2026-07-06 14:56:42.950641,513,Cancelled
156,65,2026-07-06 14:56:42.950686,1616,Cancelled
157,19,2026-07-19 14:56:42.950726,1800,Cancelled
158,50,2026-07-05 14:56:42.950764,767,Cancelled
159,83,2026-07-05 14:56:42.950801,635,Completed
160,77,2026-07-10 14:56:42.950838,1782,Completed
161,65,2026-07-19 14:56:42.950875,1312,Pending
162,51,2026-07-19 14:56:42.950912,227,Pending
163,62,2026-07-06 14:56:42.950949,1401,Cancelled
164,34,2026-07-13 14:56:42.950987,681,Pending
165,36,2026-07-16 14:56:42.951025,433,Pending
166,70,2026-07-06 14:56:42.951062,1291,Completed
167,34,2026-06-23 14:56:42.951099,1883,Cancelled
168,46,2026-06-27 14:56:42.951136,773,Pending
169,34,2026-07-18 14:56:42.951174,901,Completed
170,61,2026-06-24 14:56:42.951211,930,Completed
171,82,2026-06-23 14:56:42.951248,839,Pending
172,76,2026-07-13 14:56:42.951286,1932,Pending
173,43,2026-07-11 14:56:42.951323,1371,Cancelled
174,15,2026-06-30 14:56:42.951362,677,Completed
175,74,2026-06-29 14:56:42.951399,577,Completed
176,76,2026-07-20 14:56:42.951436,1467,Cancelled
177,82,2026-07-06 14:56:42.951475,1835,Cancelled
178,34,2026-06-25 14:56:42.951512,716,Cancelled
179,37,2026-06-29 14:56:42.951550,1746,Completed
180,1,2026-06-24 14:56:42.951586,311,Pending
181,93,2026-07-20 14:56:42.951624,78,Completed
182,1,2026-07-07 14:56:42.951661,162,Cancelled
183,36,2026-07-07 14:56:42.951699,945,Cancelled
184,98,2026-07-16 14:56:42.951737,1846,Pending
185,93,2026-06-30 14:56:42.951775,1731,Cancelled
186,50,2026-07-01 14:56:42.951814,361,Cancelled
187,44,2026-07-18 14:56:42.951852,937,Cancelled
188,83,2026-07-20 14:56:42.951889,930,Cancelled
189,62,2026-07-07 14:56:42.951926,1246,Cancelled
190,87,2026-07-15 14:56:42.951963,1615,Cancelled
191,49,2026-07-11 14:56:42.952005,1222,Cancelled
192,36,2026-07-03 14:56:42.952044,1065,Cancelled
193,23,2026-07-03 14:56:42.952081,1593,Completed
194,71,2026-07-20 14:56:42.952119,410,Completed
195,87,2026-06-21 14:56:42.952157,1615,Completed
196,34,2026-07-08 14:56:42.952194,1657,Completed
197,30,2026-07-15 14:56:42.952232,682,Completed
198,42,2026-07-20 14:56:42.952269,1316,Completed
199,94,2026-06-25 14:56:42.952306,1906,Pending
200,20,2026-06-27 14:56:42.952346,283,Cancelled
201,98,2026-07-09 14:56:42.952384,572,Cancelled
202,97,2026-06-26 14:56:42.952422,1660,Pending
203,22,2026-07-14 14:56:42.952460,839,Cancelled
204,2,2026-07-20 14:56:42.952497,531,Completed
205,85,2026-06-23 14:56:42.952534,1207,Completed
206,35,2026-07-07 14:56:42.952572,471,Pending
207,32,2026-06-25 14:56:42.952615,1310,Pending
208,75,2026-07-01 14:56:42.952655,1207,Pending
209,95,2026-07-17 14:56:42.952693,297,Pending
210,20,2026-07-20 14:56:42.952731,557,Completed
211,98,2026-06-27 14:56:42.952772,1559,Completed
212,11,2026-07-15 14:56:42.952811,1043,Pending
213,10,2026-06-28 14:56:42.952848,836,Pending
214,94,2026-07-20 14:56:42.952886,310,Completed
215,86,2026-06-22 14:56:42.952923,1107,Completed
216,28,2026-07-19 14:56:42.952961,506,Pending
217,67,2026-07-19 14:56:42.952998,1533,Completed
218,91,2026-06-26 14:56:42.953036,1248,Pending
219,53,2026-07-01 14:56:42.953075,687,Pending
220,9,2026-07-08 14:56:42.953112,960,Cancelled
221,75,2026-07-15 14:56:42.953150,822,Completed
222,78,2026-07-17 14:56:42.953187,413,Cancelled
223,16,2026-07-15 14:56:42.953225,1648,Pending
224,68,2026-07-11 14:56:42.953262,1732,Pending
225,61,2026-07-01 14:56:42.953300,1457,Pending
226,61,2026-07-08 14:56:42.953337,1812,Completed
227,71,2026-07-03 14:56:42.953374,1939,Pending
228,62,2026-06-25 14:56:42.953411,1128,Pending
229,98,2026-06-23 14:56:42.953448,53,Cancelled
230,63,2026-06-23 14:56:42.953490,169,Completed
231,92,2026-07-09 14:56:42.953571,1026,Cancelled
232,37,2026-06-21 14:56:42.953754,174,Cancelled
233,7,2026-07-10 14:56:42.953858,501,Pending
234,17,2026-06-24 14:56:42.953942,768,Completed
235,87,2026-07-08 14:56:42.954005,1824,Pending
236,21,2026-06-30 14:56:42.954058,142,Completed
237,93,2026-06-21 14:56:42.954109,55,Pending
238,27,2026-07-14 14:56:42.954164,670,Cancelled
239,85,2026-07-14 14:56:42.954219,222,Pending
240,78,2026-06-30 14:56:42.954284,648,Pending
241,4,2026-06-29 14:56:42.954363,370,Cancelled
242,87,2026-06-22 14:56:42.954464,285,Cancelled
243,100,2026-06-28 14:56:42.954600,454,Cancelled
244,90,2026-07-09 14:56:42.954696,497,Pending
245,74,2026-07-06 14:56:42.954776,300,Completed
246,57,2026-07-18 14:56:42.954845,568,Cancelled
247,32,2026-07-01 14:56:42.954911,1987,Pending
248,28,2026-06-30 14:56:42.954991,949,Cancelled
249,57,2026-07-10 14:56:42.955072,1096,Cancelled
250,29,2026-07-02 14:56:42.955127,1556,Completed
251,29,2026-07-18 14:56:42.955183,1689,Pending
252,62,2026-06-21 14:56:42.955239,1177,Completed
253,72,2026-07-09 14:56:42.955316,805,Cancelled
254,85,2026-06-22 14:56:42.955392,156,Cancelled
255,38,2026-07-16 14:56:42.955445,1238,Cancelled
256,100,2026-07-14 14:56:42.955499,738,Cancelled
257,8,2026-06-26 14:56:42.955547,184,Pending
258,90,2026-07-17 14:56:42.955595,1932,Pending
259,92,2026-06-27 14:56:42.955659,310,Pending
260,90,2026-06-23 14:56:42.955711,349,Cancelled
261,48,2026-07-16 14:56:42.955754,740,Cancelled
262,16,2026-07-01 14:56:42.955797,1988,Pending
263,26,2026-07-04 14:56:42.955839,1082,Pending
264,35,2026-06-21 14:56:42.955878,555,Pending
265,52,2026-07-11 14:56:42.955921,1350,Pending
266,36,2026-07-19 14:56:42.955964,731,Pending
267,33,2026-06-21 14:56:42.956005,1565,Cancelled
268,58,2026-07-11 14:56:42.956047,966,Pending
269,84,2026-06-26 14:56:42.956087,1386,Cancelled
270,48,2026-06-21 14:56:42.956127,1477,Cancelled
271,84,2026-07-06 14:56:42.956165,1124,Pending
272,53,2026-07-11 14:56:42.956203,1225,Pending
273,46,2026-07-04 14:56:42.956240,1347,Pending
274,40,2026-07-09 14:56:42.956286,185,Pending
275,37,2026-06-22 14:56:42.956327,1604,Cancelled
276,27,2026-06-21 14:56:42.956365,1514,Completed
277,20,2026-07-20 14:56:42.956403,221,Cancelled
278,85,2026-07-02 14:56:42.956441,1581,Cancelled
279,68,2026-07-02 14:56:42.956480,1365,Pending
280,71,2026-07-18 14:56:42.956518,1068,Pending
281,60,2026-06-22 14:56:42.956556,1654,Pending
282,43,2026-07-19 14:56:42.956595,996,Completed
283,44,2026-07-10 14:56:42.956633,935,Cancelled
284,69,2026-07-07 14:56:42.956672,1770,Cancelled
285,15,2026-06-27 14:56:42.956710,266,Completed
286,91,2026-07-06 14:56:42.956748,864,Completed
287,56,2026-07-09 14:56:42.956786,1175,Cancelled
288,4,2026-06-25 14:56:42.956824,848,Cancelled
289,29,2026-07-09 14:56:42.956861,166,Completed
290,59,2026-07-06 14:56:42.956899,1760,Cancelled
291,71,2026-07-14 14:56:42.956938,866,Pending
292,22,2026-06-25 14:56:42.956977,1164,Completed
293,44,2026-06-27 14:56:42.957015,720,Pending
294,69,2026-07-12 14:56:42.957053,322,Cancelled
295,71,2026-06-23 14:56:42.957092,1019,Cancelled
296,99,2026-07-18 14:56:42.957131,1817,Completed
297,48,2026-07-05 14:56:42.957169,343,Completed
298,37,2026-06-21 14:56:42.957207,195,Pending
299,40,2026-07-12 14:56:42.957244,1842,Completed
300,43,2026-06-29 14:56:42.957287,422,Cancelled
301,89,2026-07-02 14:56:42.957326,650,Completed
302,77,2026-06-25 14:56:42.957364,1516,Completed
303,75,2026-07-13 14:56:42.957415,1028,Cancelled
304,14,2026-07-17 14:56:42.957454,975,Completed
305,22,2026-07-12 14:56:42.957494,831,Cancelled
306,78,2026-07-21 14:56:42.957540,692,Completed
307,82,2026-07-19 14:56:42.957580,924,Pending
308,69,2026-07-13 14:56:42.957622,1321,Completed
309,1,2026-07-09 14:56:42.957663,514,Completed
310,98,2026-07-14 14:56:42.957706,1030,Completed
311,85,2026-07-08 14:56:42.957762,1290,Cancelled
312,50,2026-07-03 14:56:42.957808,1752,Pending
313,41,2026-07-14 14:56:42.957852,1206,Completed
314,17,2026-06-27 14:56:42.957898,1780,Pending
315,2,2026-07-14 14:56:42.957943,1116,Pending
316,51,2026-07-13 14:56:42.957993,1518,Completed
317,94,2026-07-02 14:56:42.958044,1241,Pending
318,70,2026-07-21 14:56:42.958100,1724,Cancelled
319,97,2026-06-26 14:56:42.958166,832,Pending
320,66,2026-07-16 14:56:42.958262,1286,Pending
321,74,2026-07-09 14:56:42.958320,1780,Completed
322,28,2026-06-23 14:56:42.958366,1516,Cancelled
323,59,2026-06-27 14:56:42.958409,1432,Pending
324,36,2026-07-05 14:56:42.958451,1915,Cancelled
325,30,2026-06-26 14:56:42.958494,1307,Pending
326,3,2026-06-27 14:56:42.958544,1309,Completed
327,57,2026-07-10 14:56:42.958596,403,Completed
328,88,2026-06-22 14:56:42.958649,1818,Completed
329,42,2026-07-06 14:56:42.958749,1362,Pending
330,1,2026-06-21 14:56:42.958836,1441,Cancelled
331,16,2026-06-30 14:56:42.958912,1958,Pending
332,28,2026-07-07 14:56:42.958980,166,Pending
333,80,2026-06-26 14:56:42.959052,1810,Completed
334,28,2026-07-13 14:56:42.959127,1329,Pending
335,39,2026-07-04 14:56:42.959188,1017,Pending
336,40,2026-07-08 14:56:42.959234,1793,Pending
337,94,2026-07-05 14:56:42.959285,1418,Completed
338,4,2026-06-22 14:56:42.959371,455,Cancelled
339,88,2026-06-21 14:56:42.959417,1512,Completed
340,27,2026-07-11 14:56:42.959470,90,Pending
341,67,2026-07-19 14:56:42.959532,432,Pending
342,58,2026-07-01 14:56:42.959579,1703,Pending
343,63,2026-07-10 14:56:42.959625,961,Completed
344,20,2026-06-23 14:56:42.959687,1603,Completed
345,19,2026-07-02 14:56:42.959730,610,Pending
346,84,2026-06-23 14:56:42.959776,704,Cancelled
347,12,2026-07-02 14:56:42.959825,770,Completed
348,31,2026-07-19 14:56:42.959871,1897,Completed
349,90,2026-07-15 14:56:42.959913,1436,Pending
350,41,2026-06-21 14:56:42.959978,1118,Cancelled
351,25,2026-07-05 14:56:42.960018,447,Completed
352,16,2026-07-02 14:56:42.960085,1051,Completed
353,31,2026-06-22 14:56:42.960123,157,Pending
354,93,2026-06-29 14:56:42.960163,411,Cancelled
355,38,2026-07-18 14:56:42.960202,1891,Pending
356,32,2026-07-15 14:56:42.960254,1984,Pending
357,19,2026-07-04 14:56:42.960292,965,Cancelled
358,8,2026-07-09 14:56:42.960331,1254,Pending
359,7,2026-07-17 14:56:42.960369,751,Completed
360,22,2026-06-24 14:56:42.960411,982,Cancelled
361,44,2026-07-10 14:56:42.960450,1348,Completed
362,79,2026-07-20 14:56:42.960487,1829,Pending
363,1,2026-07-04 14:56:42.960525,282,Cancelled
364,43,2026-07-03 14:56:42.960562,1860,Completed
365,3,2026-06-28 14:56:42.960600,846,Cancelled
366,77,2026-06-23 14:56:42.960637,1300,Completed
367,17,2026-07-03 14:56:42.960675,1448,Cancelled
368,95,2026-06-28 14:56:42.960712,751,Cancelled
369,82,2026-06-23 14:56:42.960752,1289,Completed
370,21,2026-06-28 14:56:42.960791,640,Pending
371,69,2026-07-04 14:56:42.960829,1917,Pending
372,6,2026-07-03 14:56:42.960867,413,Completed
373,60,2026-06-28 14:56:42.960905,1111,Completed
374,94,2026-07-11 14:56:42.960942,144,Pending
375,75,2026-06-28 14:56:42.960982,638,Completed
376,29,2026-07-11 14:56:42.961020,165,Cancelled
377,56,2026-07-01 14:56:42.961058,1478,Cancelled
378,16,2026-06-30 14:56:42.961095,676,Pending
379,62,2026-07-11 14:56:42.961132,846,Pending
380,24,2026-06-26 14:56:42.961169,617,Cancelled
381,64,2026-07-05 14:56:42.961207,1420,Pending
382,98,2026-07-11 14:56:42.961247,1301,Cancelled
383,82,2026-06-28 14:56:42.961291,280,Cancelled
384,84,2026-06-27 14:56:42.961330,905,Completed
385,36,2026-07-03 14:56:42.961368,60,Completed
386,74,2026-06-30 14:56:42.961405,1861,Cancelled
387,36,2026-06-27 14:56:42.961443,1556,Completed
388,20,2026-06-25 14:56:42.961480,490,Cancelled
389,10,2026-07-04 14:56:42.961518,1579,Pending
390,11,2026-06-29 14:56:42.961561,1213,Completed
391,92,2026-07-06 14:56:42.961599,963,Cancelled
392,57,2026-07-21 14:56:42.961636,1737,Completed
393,16,2026-07-11 14:56:42.961674,1412,Completed
394,82,2026-07-02 14:56:42.961712,1398,Completed
395,44,2026-07-06 14:56:42.961749,463,Completed
396,87,2026-07-11 14:56:42.961787,962,Cancelled
397,10,2026-07-21 14:56:42.961824,1227,Pending
398,96,2026-07-10 14:56:42.961862,1001,Pending
399,79,2026-07-14 14:56:42.961901,886,Completed
400,9,2026-07-17 14:56:42.961939,237,Completed
401,36,2026-07-15 14:56:42.961980,1611,Completed
402,74,2026-07-04 14:56:42.962020,1478,Cancelled
403,27,2026-07-15 14:56:42.962058,964,Completed
404,65,2026-06-26 14:56:42.962096,1380,Cancelled
405,90,2026-07-06 14:56:42.962134,758,Completed
406,83,2026-06-21 14:56:42.962171,642,Completed
407,12,2026-07-08 14:56:42.962210,132,Cancelled
408,43,2026-07-08 14:56:42.962248,1068,Completed
409,15,2026-07-10 14:56:42.962294,170,Pending
410,97,2026-07-15 14:56:42.962331,740,Pending
411,32,2026-07-21 14:56:42.962371,1912,Pending
412,13,2026-07-02 14:56:42.962409,768,Pending
413,28,2026-07-01 14:56:42.962446,957,Pending
414,82,2026-07-21 14:56:42.962483,1077,Cancelled
415,50,2026-07-15 14:56:42.962520,639,Completed
416,80,2026-07-12 14:56:42.962557,119,Completed
417,42,2026-07-02 14:56:42.962595,97,Pending
418,85,2026-07-15 14:56:42.962632,294,Cancelled
419,82,2026-07-12 14:56:42.962671,834,Pending
420,72,2026-07-09 14:56:42.962708,219,Completed
421,77,2026-06-29 14:56:42.962745,313,Cancelled
422,49,2026-07-20 14:56:42.962783,1733,Completed
423,86,2026-07-12 14:56:42.962821,1940,Pending
424,20,2026-07-12 14:56:42.962858,1297,Completed
425,1,2026-07-08 14:56:42.962896,1741,Cancelled
426,37,2026-07-18 14:56:42.962933,1022,Completed
427,75,2026-07-21 14:56:42.962970,533,Cancelled
428,95,2026-06-29 14:56:42.963006,1160,Pending
429,67,2026-07-06 14:56:42.963044,1408,Completed
430,100,2026-07-19 14:56:42.963082,398,Completed
431,49,2026-07-05 14:56:42.963119,690,Pending
432,62,2026-07-15 14:56:42.963156,859,Cancelled
433,51,2026-07-02 14:56:42.963196,873,Completed
434,17,2026-07-08 14:56:42.963234,1836,Pending
435,2,2026-07-18 14:56:42.963274,1347,Cancelled
436,98,2026-07-17 14:56:42.963312,431,Cancelled
437,65,2026-06-27 14:56:42.963350,495,Cancelled
438,16,2026-07-04 14:56:42.963388,66,Pending
439,2,2026-06-27 14:56:42.963425,68,Pending
440,12,2026-07-18 14:56:42.963463,827,Cancelled
441,47,2026-07-17 14:56:42.963501,109,Completed
442,86,2026-06-29 14:56:42.963538,1442,Cancelled
443,45,2026-07-02 14:56:42.963576,1730,Pending
444,81,2026-07-18 14:56:42.963614,1727,Pending
445,100,2026-07-17 14:56:42.963651,570,Cancelled
446,9,2026-07-19 14:56:42.963691,558,Cancelled
447,87,2026-06-25 14:56:42.963730,1608,Pending
448,2,2026-07-13 14:56:42.963769,1011,Pending
449,88,2026-07-08 14:56:42.963806,1081,Completed
450,39,2026-07-05 14:56:42.963844,776,Pending
451,22,2026-07-06 14:56:42.963881,847,Completed
452,45,2026-06-26 14:56:42.963918,1359,Completed
453,38,2026-06-21 14:56:42.963956,511,Pending
454,63,2026-07-09 14:56:42.963993,52,Cancelled
455,51,2026-07-04 14:56:42.964030,1297,Pending
456,74,2026-06-29 14:56:42.964069,1486,Pending
457,10,2026-06-23 14:56:42.964108,1725,Pending
458,70,2026-07-14 14:56:42.964147,1240,Completed
459,61,2026-07-02 14:56:42.964188,208,Pending
460,16,2026-07-01 14:56:42.964229,807,Cancelled
461,66,2026-07-08 14:56:42.964268,1823,Cancelled
462,92,2026-07-17 14:56:42.964308,220,Pending
463,72,2026-07-08 14:56:42.964356,1410,Completed
464,39,2026-07-11 14:56:42.964397,54,Pending
465,36,2026-07-06 14:56:42.964436,1792,Cancelled
466,95,2026-06-27 14:56:42.964474,421,Cancelled
467,51,2026-06-22 14:56:42.964512,804,Cancelled
468,39,2026-07-06 14:56:42.964550,732,Completed
469,87,2026-06-21 14:56:42.964589,94,Pending
470,53,2026-06-24 14:56:42.964626,1484,Cancelled
471,1,2026-06-26 14:56:42.964664,1092,Cancelled
472,78,2026-07-09 14:56:42.964701,885,Pending
473,73,2026-06-30 14:56:42.964739,925,Cancelled
474,79,2026-07-11 14:56:42.964777,1900,Cancelled
475,41,2026-07-01 14:56:42.964814,1916,Completed
476,16,2026-06-30 14:56:42.964852,1523,Pending
477,91,2026-06-25 14:56:42.964890,200,Completed
478,76,2026-07-04 14:56:42.964929,853,Completed
479,83,2026-06-29 14:56:42.964967,690,Cancelled
480,31,2026-07-15 14:56:42.965005,767,Cancelled
481,1,2026-07-09 14:56:42.965043,1654,Pending
482,43,2026-07-19 14:56:42.965081,1115,Pending
483,59,2026-07-21 14:56:42.965118,677,Cancelled
484,33,2026-07-14 14:56:42.965155,848,Cancelled
485,36,2026-07-07 14:56:42.965193,1219,Completed
486,61,2026-07-05 14:56:42.965230,159,Pending
487,44,2026-06-24 14:56:42.965270,1224,Pending
488,66,2026-07-15 14:56:42.965309,1741,Completed
489,63,2026-06-30 14:56:42.965347,493,Completed
490,28,2026-06-26 14:56:42.965384,1784,Pending
491,3,2026-06-24 14:56:42.965422,1303,Pending
492,33,2026-07-09 14:56:42.965459,1102,Pending
493,56,2026-07-10 14:56:42.965496,479,Completed
494,63,2026-07-19 14:56:42.965535,1924,Cancelled
495,90,2026-07-10 14:56:42.965572,1196,Completed
496,92,2026-07-21 14:56:42.965610,1687,Completed
497,52,2026-06-29 14:56:42.965650,296,Pending
498,68,2026-07-03 14:56:42.965688,1414,Completed
499,100,2026-07-08 14:56:42.965726,1322,Completed
500,24,2026-06-25 14:56:42.965764,851,Cancelled
501,79,2026-07-08 14:56:42.965815,1799,Cancelled
502,51,2026-07-12 14:56:42.965853,1003,Pending
503,94,2026-07-01 14:56:42.965894,1197,Cancelled
504,100,2026-07-16 14:56:42.965933,726,Completed
505,57,2026-07-17 14:56:42.965972,915,Pending
506,62,2026-07-19 14:56:42.966010,1151,Completed
507,90,2026-07-13 14:56:42.966048,602,Cancelled
508,31,2026-07-06 14:56:42.966085,1462,Pending
509,29,2026-07-10 14:56:42.966122,228,Cancelled
510,90,2026-06-27 14:56:42.966160,159,Pending
511,97,2026-07-13 14:56:42.966199,293,Pending
512,41,2026-07-11 14:56:42.966236,1586,Pending
513,73,2026-07-12 14:56:42.966274,1739,Cancelled
514,66,2026-06-25 14:56:42.966312,395,Pending
515,28,2026-07-01 14:56:42.966349,1262,Cancelled
516,86,2026-07-17 14:56:42.966386,1340,Pending
517,63,2026-07-12 14:56:42.966424,54,Completed
518,87,2026-06-21 14:56:42.966461,1742,Pending
519,16,2026-07-01 14:56:42.966498,679,Completed
520,51,2026-07-01 14:56:42.966536,430,Completed
521,9,2026-07-19 14:56:42.966573,1853,Pending
522,86,2026-07-20 14:56:42.966612,857,Pending
523,7,2026-07-15 14:56:42.966649,293,Pending
524,62,2026-07-07 14:56:42.966686,1061,Cancelled
525,64,2026-07-15 14:56:42.966724,256,Pending
526,2,2026-06-26 14:56:42.966761,1513,Pending
527,66,2026-06-26 14:56:42.966798,1959,Cancelled
528,70,2026-07-03 14:56:42.966835,702,Pending
529,24,2026-06-26 14:56:42.966872,56,Completed
530,15,2026-07-12 14:56:42.966909,1007,Completed
531,80,2026-06-26 14:56:42.966946,1937,Completed
532,21,2026-07-05 14:56:42.966983,411,Cancelled
533,71,2026-07-17 14:56:42.967020,209,Completed
534,89,2026-06-21 14:56:42.967057,1842,Cancelled
535,40,2026-07-16 14:56:42.967094,1625,Pending
536,47,2026-06-28 14:56:42.967130,1979,Completed
537,24,2026-06-22 14:56:42.967167,802,Cancelled
538,66,2026-07-16 14:56:42.967205,558,Completed
539,17,2026-06-21 14:56:42.967242,1784,Cancelled
540,41,2026-07-11 14:56:42.967283,1052,Completed
541,31,2026-07-06 14:56:42.967322,941,Completed
542,96,2026-06-25 14:56:42.967359,762,Cancelled
543,38,2026-07-05 14:56:42.967398,1085,Completed
544,72,2026-07-01 14:56:42.967438,91,Pending
545,73,2026-07-06 14:56:42.967476,1261,Cancelled
546,98,2026-06-28 14:56:42.967514,1691,Pending
547,90,2026-06-26 14:56:42.967551,1708,Completed
548,79,2026-06-25 14:56:42.967588,1555,Completed
549,49,2026-06-25 14:56:42.967626,476,Pending
550,40,2026-07-03 14:56:42.967662,553,Pending
551,54,2026-06-25 14:56:42.967700,895,Completed
552,15,2026-06-21 14:56:42.967737,517,Pending
553,29,2026-07-04 14:56:42.967775,1682,Pending
554,91,2026-07-02 14:56:42.967813,1803,Completed
555,78,2026-07-18 14:56:42.967851,904,Cancelled
556,42,2026-07-08 14:56:42.967889,746,Completed
557,67,2026-06-24 14:56:42.967927,939,Pending
558,28,2026-07-13 14:56:42.967965,681,Completed
559,61,2026-07-18 14:56:42.968002,1622,Pending
560,61,2026-06-30 14:56:42.968039,402,Completed
561,17,2026-07-19 14:56:42.968076,1658,Cancelled
562,53,2026-07-01 14:56:42.968113,1151,Pending
563,61,2026-07-17 14:56:42.968150,765,Completed
564,43,2026-07-10 14:56:42.968187,1089,Completed
565,72,2026-06-26 14:56:42.968225,156,Completed
566,1,2026-07-11 14:56:42.968262,876,Completed
567,11,2026-07-20 14:56:42.968298,777,Pending
568,41,2026-07-12 14:56:42.968335,1977,Cancelled
569,38,2026-07-01 14:56:42.968373,1271,Completed
570,46,2026-07-04 14:56:42.968410,1648,Pending
571,30,2026-07-18 14:56:42.968447,631,Completed
572,64,2026-07-21 14:56:42.968484,1829,Pending
573,14,2026-07-08 14:56:42.968521,1542,Cancelled
574,33,2026-06-23 14:56:42.968558,1548,Cancelled
575,73,2026-07-10 14:56:42.968597,504,Pending
576,60,2026-06-23 14:56:42.968635,1043,Pending
577,24,2026-06-21 14:56:42.968672,529,Completed
578,40,2026-07-11 14:56:42.968709,469,Completed
579,1,2026-07-08 14:56:42.968747,1692,Cancelled
580,18,2026-06-26 14:56:42.968785,1018,Cancelled
581,78,2026-07-01 14:56:42.968822,515,Pending
582,30,2026-06-26 14:56:42.968860,1031,Pending
583,86,2026-07-08 14:56:42.968897,923,Cancelled
584,26,2026-06-30 14:56:42.968935,521,Cancelled
585,20,2026-07-18 14:56:42.968972,1441,Cancelled
586,91,2026-06-30 14:56:42.969009,1435,Cancelled
587,8,2026-06-30 14:56:42.969046,573,Pending
588,25,2026-07-10 14:56:42.969083,1009,Cancelled
589,94,2026-07-19 14:56:42.969119,297,Cancelled
590,33,2026-07-02 14:56:42.969156,1681,Cancelled
591,26,2026-07-13 14:56:42.969194,1716,Completed
592,59,2026-07-19 14:56:42.969233,1253,Pending
593,49,2026-07-18 14:56:42.969273,1337,Pending
594,13,2026-07-07 14:56:42.969313,1538,Completed
595,87,2026-07-02 14:56:42.969352,1405,Pending
596,56,2026-06-28 14:56:42.969439,1185,Pending
597,77,2026-06-27 14:56:42.969505,372,Completed
598,5,2026-06-23 14:56:42.969592,451,Pending
599,40,2026-07-04 14:56:42.969670,1396,Pending
600,61,2026-06-29 14:56:42.969757,1763,Pending
601,24,2026-07-19 14:56:42.969810,1150,Completed
602,59,2026-07-08 14:56:42.969858,148,Completed
603,52,2026-07-12 14:56:42.969909,1819,Completed
604,54,2026-07-08 14:56:42.969964,903,Cancelled
605,47,2026-07-13 14:56:42.970008,1100,Completed
606,89,2026-07-07 14:56:42.970050,1253,Pending
607,15,2026-07-04 14:56:42.970092,1651,Cancelled
608,98,2026-07-12 14:56:42.970138,293,Completed
609,10,2026-07-11 14:56:42.970192,293,Cancelled
610,53,2026-07-20 14:56:42.970405,199,Pending
611,63,2026-07-13 14:56:42.970547,785,Cancelled
612,55,2026-07-07 14:56:42.970608,1973,Completed
613,29,2026-06-28 14:56:42.970658,859,Completed
614,84,2026-07-14 14:56:42.970715,812,Cancelled
615,13,2026-07-03 14:56:42.970780,364,Pending
616,75,2026-07-04 14:56:42.970851,1516,Cancelled
617,3,2026-07-10 14:56:42.970937,920,Cancelled
618,35,2026-06-22 14:56:42.971062,317,Pending
619,45,2026-06-30 14:56:42.971172,1393,Cancelled
620,30,2026-07-19 14:56:42.971262,131,Completed
621,44,2026-07-11 14:56:42.971349,1313,Pending
622,28,2026-06-21 14:56:42.971432,1203,Completed
623,8,2026-07-18 14:56:42.971518,1404,Pending
624,74,2026-06-30 14:56:42.971569,1356,Completed
625,89,2026-07-12 14:56:42.971621,610,Cancelled
626,44,2026-07-02 14:56:42.971721,1296,Completed
627,78,2026-06-25 14:56:42.971870,677,Pending
628,56,2026-07-08 14:56:42.972011,1571,Pending
629,59,2026-07-19 14:56:42.972088,773,Cancelled
630,50,2026-07-12 14:56:42.972164,1931,Completed
631,100,2026-06-23 14:56:42.972233,909,Cancelled
632,75,2026-07-15 14:56:42.972280,1150,Pending
633,70,2026-06-24 14:56:42.972325,331,Completed
634,85,2026-06-24 14:56:42.972374,295,Pending
635,89,2026-06-28 14:56:42.972427,1482,Pending
636,70,2026-07-17 14:56:42.972485,1785,Pending
637,92,2026-06-21 14:56:42.972562,467,Cancelled
638,12,2026-07-14 14:56:42.972635,1862,Pending
639,91,2026-07-15 14:56:42.972699,1783,Cancelled
640,58,2026-07-16 14:56:42.972756,949,Completed
641,57,2026-06-24 14:56:42.972810,1444,Pending
642,15,2026-07-15 14:56:42.972873,1510,Completed
643,28,2026-06-26 14:56:42.972987,1039,Completed
644,69,2026-07-16 14:56:42.973088,1236,Cancelled
645,11,2026-06-24 14:56:42.973185,665,Cancelled
646,46,2026-06-27 14:56:42.973241,1435,Pending
647,15,2026-06-25 14:56:42.973301,165,Pending
648,96,2026-07-20 14:56:42.973365,969,Completed
649,99,2026-07-02 14:56:42.973416,1083,Pending
650,14,2026-06-25 14:56:42.973467,1746,Completed
651,63,2026-06-22 14:56:42.973514,1279,Completed
652,69,2026-07-07 14:56:42.973565,1937,Completed
653,93,2026-07-04 14:56:42.973615,1781,Cancelled
654,76,2026-07-12 14:56:42.973655,421,Completed
655,89,2026-07-12 14:56:42.973714,877,Cancelled
656,94,2026-07-17 14:56:42.973790,1444,Cancelled
657,48,2026-07-06 14:56:42.973834,1977,Pending
658,46,2026-06-29 14:56:42.973876,421,Pending
659,32,2026-06-21 14:56:42.973918,1112,Completed
660,70,2026-07-02 14:56:42.973969,1980,Cancelled
661,46,2026-06-26 14:56:42.974012,1711,Cancelled
662,99,2026-07-06 14:56:42.974052,611,Cancelled
663,30,2026-06-30 14:56:42.974098,1221,Cancelled
664,13,2026-07-11 14:56:42.974139,390,Pending
665,11,2026-07-01 14:56:42.974179,407,Cancelled
666,90,2026-07-17 14:56:42.974218,1986,Pending
667,81,2026-06-26 14:56:42.974256,1769,Completed
668,14,2026-07-02 14:56:42.974294,103,Cancelled
669,3,2026-07-13 14:56:42.974332,206,Pending
670,36,2026-06-27 14:56:42.974371,230,Cancelled
671,65,2026-07-10 14:56:42.974410,1437,Cancelled
672,79,2026-06-26 14:56:42.974450,114,Completed
673,94,2026-07-04 14:56:42.974488,1103,Completed
674,99,2026-07-09 14:56:42.974530,727,Pending
675,76,2026-07-19 14:56:42.974569,1453,Cancelled
676,68,2026-07-15 14:56:42.974607,553,Cancelled
677,10,2026-07-20 14:56:42.974645,1811,Pending
678,63,2026-07-11 14:56:42.974684,912,Cancelled
679,23,2026-07-19 14:56:42.974722,1145,Completed
680,3,2026-07-17 14:56:42.974760,1295,Pending
681,94,2026-07-06 14:56:42.974799,1865,Completed
682,94,2026-06-22 14:56:42.974837,322,Completed
683,80,2026-07-19 14:56:42.974875,961,Pending
684,88,2026-07-03 14:56:42.974913,50,Pending
685,84,2026-07-08 14:56:42.974950,1481,Pending
686,38,2026-07-18 14:56:42.974987,1453,Completed
687,78,2026-07-05 14:56:42.975025,1664,Completed
688,30,2026-07-14 14:56:42.975063,1314,Cancelled
689,78,2026-07-13 14:56:42.975101,1409,Pending
690,75,2026-07-13 14:56:42.975140,297,Completed
691,29,2026-07-13 14:56:42.975179,364,Cancelled
692,87,2026-07-08 14:56:42.975217,650,Pending
693,2,2026-07-19 14:56:42.975255,978,Completed
694,61,2026-06-23 14:56:42.975292,1502,Pending
695,37,2026-06-23 14:56:42.975329,1431,Completed
696,2,2026-06-28 14:56:42.975367,1412,Pending
697,74,2026-07-08 14:56:42.975404,268,Cancelled
698,3,2026-07-03 14:56:42.975441,1049,Cancelled
699,85,2026-06-22 14:56:42.975478,715,Completed
700,10,2026-06-25 14:56:42.975517,1362,Cancelled
701,93,2026-07-11 14:56:42.975556,1824,Completed
702,58,2026-07-09 14:56:42.975593,500,Pending
703,100,2026-07-10 14:56:42.975631,293,Pending
704,44,2026-06-30 14:56:42.975669,873,Pending
705,65,2026-06-28 14:56:42.975707,1981,Cancelled
706,95,2026-07-16 14:56:42.975745,725,Cancelled
707,70,2026-07-08 14:56:42.975783,998,Completed
708,82,2026-06-27 14:56:42.975820,441,Pending
709,59,2026-06-25 14:56:42.975858,175,Pending
710,75,2026-07-01 14:56:42.975896,943,Cancelled
711,13,2026-06-29 14:56:42.975934,1733,Pending
712,84,2026-07-21 14:56:42.975984,203,Completed
713,55,2026-07-04 14:56:42.976024,979,Cancelled
714,87,2026-07-21 14:56:42.976062,1582,Cancelled
715,17,2026-07-11 14:56:42.976101,998,Pending
716,50,2026-06-25 14:56:42.976138,294,Completed
717,34,2026-07-20 14:56:42.976177,695,Completed
718,73,2026-07-03 14:56:42.976217,948,Cancelled
719,5,2026-06-27 14:56:42.976267,1080,Pending
720,4,2026-06-30 14:56:42.976308,1403,Cancelled
721,63,2026-06-28 14:56:42.976346,1075,Pending
722,13,2026-06-27 14:56:42.976384,366,Cancelled
723,40,2026-07-13 14:56:42.976422,514,Cancelled
724,37,2026-06-21 14:56:42.976459,1764,Cancelled
725,51,2026-07-13 14:56:42.976497,1355,Cancelled
726,13,2026-06-26 14:56:42.976536,1310,Pending
727,52,2026-07-03 14:56:42.976574,458,Pending
728,14,2026-07-16 14:56:42.976612,1963,Completed
729,3,2026-06-28 14:56:42.976649,1707,Completed
730,34,2026-07-14 14:56:42.976687,1043,Cancelled
731,25,2026-06-27 14:56:42.976725,1537,Pending
732,46,2026-07-14 14:56:42.976764,1127,Cancelled
733,3,2026-07-16 14:56:42.976802,1318,Completed
734,66,2026-06-27 14:56:42.976840,1136,Cancelled
735,91,2026-06-23 14:56:42.976878,1371,Pending
736,30,2026-07-04 14:56:42.976916,1463,Cancelled
737,45,2026-07-03 14:56:42.976954,852,Cancelled
738,34,2026-07-21 14:56:42.976992,411,Cancelled
739,31,2026-06-29 14:56:42.977029,1634,Completed
740,52,2026-06-24 14:56:42.977067,1465,Completed
741,95,2026-07-08 14:56:42.977105,1135,Pending
742,69,2026-07-03 14:56:42.977147,961,Completed
743,83,2026-07-15 14:56:42.977186,1704,Cancelled
744,96,2026-07-21 14:56:42.977225,1627,Completed
745,41,2026-07-13 14:56:42.977262,262,Completed
746,42,2026-06-21 14:56:42.977299,870,Pending
747,4,2026-07-10 14:56:42.977337,1129,Pending
748,76,2026-07-02 14:56:42.977374,461,Completed
749,99,2026-07-16 14:56:42.977411,593,Cancelled
750,3,2026-07-10 14:56:42.977451,815,Pending
751,98,2026-07-13 14:56:42.977489,1705,Cancelled
752,53,2026-07-16 14:56:42.977527,1045,Completed
753,59,2026-06-29 14:56:42.977564,967,Pending
754,68,2026-07-06 14:56:42.977602,74,Cancelled
755,85,2026-07-19 14:56:42.977640,1169,Completed
756,34,2026-07-01 14:56:42.977678,1055,Completed
757,90,2026-06-25 14:56:42.977716,943,Completed
758,35,2026-07-07 14:56:42.977755,747,Completed
759,40,2026-07-21 14:56:42.977795,823,Pending
760,76,2026-07-08 14:56:42.977835,364,Cancelled
761,37,2026-06-28 14:56:42.977874,1311,Cancelled
762,53,2026-07-20 14:56:42.977914,322,Pending
763,41,2026-07-04 14:56:42.977956,560,Pending
764,19,2026-07-03 14:56:42.977996,1794,Pending
765,61,2026-07-12 14:56:42.978038,1092,Cancelled
766,51,2026-06-28 14:56:42.978078,1847,Cancelled
767,47,2026-07-03 14:56:42.978118,390,Cancelled
768,60,2026-07-16 14:56:42.978160,893,Cancelled
769,19,2026-07-17 14:56:42.978200,345,Completed
770,96,2026-07-02 14:56:42.978244,1216,Cancelled
771,48,2026-07-08 14:56:42.978545,1203,Completed
772,11,2026-06-22 14:56:42.978620,1151,Pending
773,74,2026-06-30 14:56:42.978662,584,Pending
774,50,2026-06-22 14:56:42.978702,183,Completed
775,69,2026-07-08 14:56:42.978741,1851,Pending
776,72,2026-07-17 14:56:42.978781,829,Completed
777,34,2026-06-24 14:56:42.978818,130,Pending
778,5,2026-07-10 14:56:42.978856,388,Cancelled
779,73,2026-07-09 14:56:42.978894,1254,Cancelled
780,64,2026-06-21 14:56:42.978932,1400,Cancelled
781,27,2026-06-30 14:56:42.978969,1798,Pending
782,42,2026-06-23 14:56:42.979012,767,Completed
783,24,2026-07-05 14:56:42.979051,1800,Cancelled
784,63,2026-07-15 14:56:42.979089,252,Pending
785,37,2026-06-26 14:56:42.979127,1311,Completed
786,94,2026-06-25 14:56:42.979165,1592,Cancelled
787,26,2026-06-30 14:56:42.979203,470,Cancelled
788,46,2026-07-21 14:56:42.979240,1145,Pending
789,59,2026-07-04 14:56:42.979282,507,Pending
790,1,2026-07-06 14:56:42.979320,1649,Pending
791,23,2026-07-01 14:56:42.979357,659,Completed
792,87,2026-07-04 14:56:42.979395,1360,Completed
793,26,2026-06-24 14:56:42.979432,1661,Pending
794,5,2026-07-09 14:56:42.979470,120,Cancelled
795,20,2026-07-10 14:56:42.979507,661,Completed
796,64,2026-06-23 14:56:42.979546,1120,Completed
797,11,2026-06-26 14:56:42.979583,403,Pending
798,23,2026-06-24 14:56:42.979621,345,Completed
799,53,2026-06-23 14:56:42.979659,179,Cancelled
800,73,2026-07-20 14:56:42.979696,1161,Completed
801,63,2026-06-23 14:56:42.979733,1945,Completed
802,7,2026-06-23 14:56:42.979771,851,Cancelled
803,33,2026-07-10 14:56:42.979809,1094,Pending
804,66,2026-07-10 14:56:42.979847,1120,Cancelled
805,15,2026-07-02 14:56:42.979885,728,Cancelled
806,4,2026-07-16 14:56:42.979922,121,Pending
807,86,2026-07-04 14:56:42.979963,1622,Completed
808,68,2026-07-08 14:56:42.980004,1951,Completed
809,17,2026-07-06 14:56:42.980048,1287,Pending
810,35,2026-07-10 14:56:42.980087,247,Pending
811,62,2026-07-02 14:56:42.980126,1568,Cancelled
812,68,2026-07-08 14:56:42.980166,1005,Cancelled
813,75,2026-07-18 14:56:42.980207,340,Completed
814,100,2026-07-02 14:56:42.980248,997,Completed
815,57,2026-06-26 14:56:42.980286,86,Cancelled
816,43,2026-06-22 14:56:42.980325,607,Completed
817,38,2026-06-25 14:56:42.980363,660,Completed
818,73,2026-07-20 14:56:42.980401,848,Completed
819,46,2026-07-14 14:56:42.980438,1251,Pending
820,71,2026-06-28 14:56:42.980484,1868,Completed
821,92,2026-06-22 14:56:42.980522,432,Pending
822,55,2026-06-30 14:56:42.980560,568,Completed
823,72,2026-07-16 14:56:42.980598,924,Pending
824,33,2026-06-21 14:56:42.980635,415,Completed
825,31,2026-07-14 14:56:42.980673,412,Cancelled
826,27,2026-07-02 14:56:42.980711,1019,Cancelled
827,96,2026-07-21 14:56:42.980749,680,Pending
828,13,2026-07-18 14:56:42.980788,61,Cancelled
829,93,2026-07-16 14:56:42.980827,1124,Cancelled
830,85,2026-07-17 14:56:42.980864,1508,Pending
831,46,2026-06-21 14:56:42.980902,1514,Pending
832,97,2026-07-20 14:56:42.980940,1883,Cancelled
833,83,2026-06-27 14:56:42.980978,674,Completed
834,19,2026-07-10 14:56:42.981016,96,Pending
835,59,2026-06-28 14:56:42.981054,1369,Completed
836,63,2026-07-19 14:56:42.981091,1616,Pending
837,68,2026-07-19 14:56:42.981129,1414,Completed
838,72,2026-07-06 14:56:42.981166,1573,Completed
839,92,2026-06-30 14:56:42.981203,1028,Cancelled
840,67,2026-07-12 14:56:42.981241,1814,Completed
841,62,2026-07-07 14:56:42.981278,1198,Completed
842,53,2026-07-09 14:56:42.981315,1656,Completed
843,94,2026-06-30 14:56:42.981353,743,Cancelled
844,85,2026-06-25 14:56:42.981391,1800,Completed
845,53,2026-06-22 14:56:42.981430,912,Cancelled
846,56,2026-07-12 14:56:42.981470,727,Cancelled
847,9,2026-06-24 14:56:42.981508,1044,Cancelled
848,96,2026-07-18 14:56:42.981546,826,Cancelled
849,22,2026-07-20 14:56:42.981585,69,Pending
850,25,2026-06-29 14:56:42.981623,1773,Pending
851,66,2026-07-02 14:56:42.981662,65,Pending
852,4,2026-07-11 14:56:42.981701,1070,Completed
853,83,2026-06-23 14:56:42.981740,316,Pending
854,47,2026-07-08 14:56:42.981778,1437,Completed
855,50,2026-07-11 14:56:42.981816,1928,Pending
856,70,2026-07-03 14:56:42.981853,867,Completed
857,94,2026-06-21 14:56:42.981891,412,Pending
858,58,2026-06-22 14:56:42.981929,1850,Pending
859,42,2026-07-21 14:56:42.981970,267,Pending
860,50,2026-06-28 14:56:42.982011,1440,Pending
861,26,2026-07-12 14:56:42.982050,792,Cancelled
862,81,2026-07-18 14:56:42.982090,1675,Pending
863,55,2026-07-04 14:56:42.982129,1289,Pending
864,81,2026-07-06 14:56:42.982167,1088,Completed
865,95,2026-06-22 14:56:42.982205,1145,Cancelled
866,29,2026-06-30 14:56:42.982243,1867,Pending
867,28,2026-07-09 14:56:42.982281,454,Pending
868,82,2026-06-28 14:56:42.982318,1044,Completed
869,45,2026-07-18 14:56:42.982356,498,Pending
870,43,2026-07-15 14:56:42.982393,1051,Cancelled
871,68,2026-06-28 14:56:42.982430,1054,Cancelled
872,26,2026-07-21 14:56:42.982473,594,Cancelled
873,36,2026-06-23 14:56:42.982510,1284,Completed
874,97,2026-07-14 14:56:42.982548,1643,Completed
875,4,2026-06-30 14:56:42.982586,1545,Cancelled
876,99,2026-07-07 14:56:42.982626,1874,Pending
877,71,2026-07-08 14:56:42.982667,1619,Pending
878,63,2026-07-14 14:56:42.982705,585,Cancelled
879,98,2026-07-11 14:56:42.982743,564,Cancelled
880,82,2026-07-14 14:56:42.982780,1869,Cancelled
881,11,2026-07-19 14:56:42.982817,1818,Pending
882,57,2026-07-01 14:56:42.982854,402,Pending
883,70,2026-07-19 14:56:42.982893,475,Cancelled
884,34,2026-07-06 14:56:42.982930,306,Cancelled
885,20,2026-07-18 14:56:42.982968,329,Completed
886,48,2026-07-20 14:56:42.983006,1987,Cancelled
887,56,2026-07-01 14:56:42.983044,64,Pending
888,36,2026-07-15 14:56:42.983082,1701,Cancelled
889,71,2026-07-07 14:56:42.983119,919,Cancelled
890,15,2026-06-29 14:56:42.983158,1238,Cancelled
891,45,2026-07-05 14:56:42.983196,748,Cancelled
892,19,2026-06-21 14:56:42.983236,734,Pending
893,96,2026-06-24 14:56:42.983274,1605,Cancelled
894,22,2026-07-15 14:56:42.983312,548,Completed
895,90,2026-07-14 14:56:42.983351,1555,Completed
896,86,2026-07-10 14:56:42.983389,196,Completed
897,73,2026-07-03 14:56:42.983430,1592,Completed
898,58,2026-07-03 14:56:42.983476,98,Completed
899,25,2026-06-29 14:56:42.983514,961,Cancelled
900,87,2026-06-22 14:56:42.983554,1014,Pending
901,7,2026-07-06 14:56:42.983592,982,Completed
902,24,2026-07-13 14:56:42.983630,868,Cancelled
903,91,2026-07-19 14:56:42.983667,163,Completed
904,91,2026-07-16 14:56:42.983705,1111,Cancelled
905,83,2026-07-06 14:56:42.983743,67,Cancelled
906,5,2026-07-06 14:56:42.983780,320,Cancelled
907,59,2026-07-03 14:56:42.983818,588,Pending
908,64,2026-07-20 14:56:42.983856,1638,Completed
909,63,2026-07-21 14:56:42.983896,964,Completed
910,72,2026-07-11 14:56:42.983934,1497,Cancelled
911,52,2026-07-01 14:56:42.983977,1253,Cancelled
912,13,2026-06-21 14:56:42.984017,93,Completed
913,2,2026-07-12 14:56:42.984056,936,Cancelled
914,53,2026-07-20 14:56:42.984095,500,Completed
915,78,2026-06-23 14:56:42.984134,423,Cancelled
916,3,2026-07-19 14:56:42.984172,549,Pending
917,3,2026-06-23 14:56:42.984210,404,Completed
918,36,2026-07-12 14:56:42.984248,1653,Cancelled
919,73,2026-07-13 14:56:42.984287,1802,Completed
920,72,2026-06-21 14:56:42.984325,551,Pending
921,69,2026-07-04 14:56:42.984363,162,Completed
922,25,2026-07-12 14:56:42.984401,641,Completed
923,4,2026-07-08 14:56:42.984475,1379,Cancelled
924,91,2026-07-07 14:56:42.984550,1749,Completed
925,59,2026-07-02 14:56:42.984627,997,Cancelled
926,79,2026-06-26 14:56:42.984702,573,Pending
927,83,2026-07-12 14:56:42.984754,512,Pending
928,20,2026-07-15 14:56:42.984801,1755,Cancelled
929,74,2026-07-19 14:56:42.984844,255,Completed
930,66,2026-07-19 14:56:42.984884,1841,Completed
931,13,2026-06-29 14:56:42.984924,1776,Cancelled
932,85,2026-07-17 14:56:42.984963,182,Completed
933,65,2026-07-02 14:56:42.985003,1553,Completed
934,67,2026-07-13 14:56:42.985041,804,Cancelled
935,35,2026-06-22 14:56:42.985080,342,Cancelled
936,100,2026-07-18 14:56:42.985118,808,Cancelled
937,79,2026-06-29 14:56:42.985155,923,Pending
938,22,2026-07-13 14:56:42.985193,1201,Cancelled
939,44,2026-06-24 14:56:42.985231,142,Cancelled
940,80,2026-07-10 14:56:42.985275,1706,Pending
941,75,2026-07-18 14:56:42.985319,1331,Completed
942,77,2026-07-15 14:56:42.985357,1503,Pending
943,18,2026-07-21 14:56:42.985395,348,Pending
944,42,2026-07-16 14:56:42.985433,534,Cancelled
945,42,2026-07-19 14:56:42.985474,1545,Completed
946,95,2026-07-17 14:56:42.985512,785,Cancelled
947,79,2026-07-01 14:56:42.985550,1645,Completed
948,45,2026-07-20 14:56:42.985589,1863,Completed
949,19,2026-06-21 14:56:42.985627,905,Pending
950,11,2026-07-14 14:56:42.985666,1593,Pending
951,44,2026-07-18 14:56:42.985703,802,Completed
952,79,2026-06-21 14:56:42.985741,110,Cancelled
953,42,2026-06-21 14:56:42.985779,1475,Cancelled
954,87,2026-07-13 14:56:42.985816,1315,Pending
955,39,2026-07-14 14:56:42.985853,1839,Pending
956,80,2026-06-29 14:56:42.985897,1533,Pending
957,32,2026-06-29 14:56:42.985935,662,Completed
958,5,2026-06-27 14:56:42.985979,260,Pending
959,86,2026-07-14 14:56:42.986018,1897,Pending
960,8,2026-07-16 14:56:42.986056,1308,Completed
961,73,2026-07-02 14:56:42.986094,194,Completed
962,52,2026-07-15 14:56:42.986133,109,Pending
963,36,2026-07-20 14:56:42.986174,1086,Cancelled
964,36,2026-07-09 14:56:42.986213,1738,Cancelled
965,87,2026-07-12 14:56:42.986252,1527,Pending
966,46,2026-07-20 14:56:42.986289,469,Cancelled
967,76,2026-07-16 14:56:42.986326,645,Cancelled
968,77,2026-07-08 14:56:42.986364,821,Cancelled
969,64,2026-06-21 14:56:42.986402,471,Completed
970,84,2026-06-21 14:56:42.986439,1158,Pending
971,98,2026-07-07 14:56:42.986484,1087,Pending
972,78,2026-07-14 14:56:42.986522,1852,Cancelled
973,71,2026-07-14 14:56:42.986562,1669,Pending
974,11,2026-07-18 14:56:42.986604,1796,Pending
975,76,2026-06-28 14:56:42.986642,1918,Pending
976,71,2026-07-16 14:56:42.986679,1845,Pending
977,55,2026-06-26 14:56:42.986717,549,Pending
978,60,2026-07-14 14:56:42.986755,1136,Pending
979,53,2026-06-24 14:56:42.986794,1370,Completed
980,57,2026-07-10 14:56:42.986833,1213,Completed
981,84,2026-07-12 14:56:42.986872,846,Cancelled
982,85,2026-06-23 14:56:42.986934,1557,Completed
983,48,2026-06-29 14:56:42.987040,1897,Completed
984,73,2026-07-17 14:56:42.987133,1490,Completed
985,84,2026-06-30 14:56:42.987201,1206,Pending
986,38,2026-07-14 14:56:42.987246,165,Pending
987,45,2026-07-15 14:56:42.987287,690,Completed
988,38,2026-06-29 14:56:42.987328,1130,Cancelled
989,53,2026-07-07 14:56:42.987369,1030,Pending
990,39,2026-07-19 14:56:42.987413,1777,Cancelled
991,30,2026-07-11 14:56:42.987455,1900,Pending
992,35,2026-06-26 14:56:42.987502,346,Pending
993,75,2026-07-17 14:56:42.987543,1264,Completed
994,62,2026-07-09 14:56:42.987592,806,Cancelled
995,16,2026-07-02 14:56:42.987656,1020,Completed
996,12,2026-06-30 14:56:42.987772,783,Completed
997,30,2026-07-06 14:56:42.987838,1689,Pending
998,84,2026-07-05 14:56:42.987895,570,Completed
999,19,2026-07-07 14:56:42.987941,580,Pending
1000,29,2026-06-30 14:56:42.987988,1692,Completed
